user_id,category,price,quantity,timestamp,total_revenue,scenario,gen_ts
6655,Electronics,231.51,3,2025-05-17 17:00:00,694.53,evening_rush,2025-08-30 15:55:09
6962,Electronics,20.95,2,2025-02-28 19:00:00,41.9,evening_rush,2025-08-30 15:55:09
3479,Books,60.74,2,2024-09-29 20:00:00,121.48,evening_rush,2025-08-30 15:55:09
3147,Electronics,43.98,1,2025-05-14 17:00:00,43.98,evening_rush,2025-08-30 15:55:09
7995,Home,61.78,2,2025-02-15 18:00:00,123.56,evening_rush,2025-08-30 15:55:09
3910,Clothing,120.04,4,2024-12-05 19:00:00,480.16,evening_rush,2025-08-30 15:55:09
2053,Sports,173.53,1,2025-03-02 20:00:00,173.53,evening_rush,2025-08-30 15:55:09
8342,Home,67.49,1,2025-03-15 17:00:00,67.49,evening_rush,2025-08-30 15:55:09
9108,Electronics,131.87,1,2025-05-22 20:00:00,131.87,evening_rush,2025-08-30 15:55:09
2897,Clothing,214.69,3,2025-08-19 17:00:00,644.07,evening_rush,2025-08-30 15:55:09
9736,Clothing,1.02,1,2024-11-05 18:00:00,1.02,evening_rush,2025-08-30 15:55:09
8022,Clothing,45.17,1,2025-08-07 17:00:00,45.17,evening_rush,2025-08-30 15:55:09
6334,Books,1.39,4,2025-07-03 18:00:00,5.56,evening_rush,2025-08-30 15:55:09
2179,Electronics,8.9,3,2024-12-01 17:00:00,26.7,evening_rush,2025-08-30 15:55:09
1866,Sports,1.04,1,2025-05-05 18:00:00,1.04,evening_rush,2025-08-30 15:55:09
6230,Electronics,73.33,4,2025-04-01 17:00:00,293.32,evening_rush,2025-08-30 15:55:09
1904,Electronics,75.92,1,2025-05-27 19:00:00,75.92,evening_rush,2025-08-30 15:55:09
2039,Home,122.82,2,2025-07-31 18:00:00,245.64,evening_rush,2025-08-30 15:55:09
5416,Clothing,74.63,1,2024-11-27 20:00:00,74.63,evening_rush,2025-08-30 15:55:09
1275,Electronics,1.12,3,2024-10-07 19:00:00,3.36,evening_rush,2025-08-30 15:55:09
7732,Books,4.71,1,2024-11-05 17:00:00,4.71,evening_rush,2025-08-30 15:55:09
3877,Clothing,6.99,2,2024-09-24 17:00:00,13.98,evening_rush,2025-08-30 15:55:09
7642,Electronics,3.8,1,2025-08-08 18:00:00,3.8,evening_rush,2025-08-30 15:55:09
3391,Electronics,137.94,1,2025-05-13 18:00:00,137.94,evening_rush,2025-08-30 15:55:09
6723,Sports,135.68,6,2025-01-07 19:00:00,814.08,evening_rush,2025-08-30 15:55:09
6293,Electronics,62.57,3,2024-09-08 18:00:00,187.71,evening_rush,2025-08-30 15:55:09
6064,Electronics,135.64,2,2025-07-09 20:00:00,271.28,evening_rush,2025-08-30 15:55:09
1478,Electronics,67.55,1,2025-03-06 19:00:00,67.55,evening_rush,2025-08-30 15:55:09
5230,Home,138.01,1,2025-04-26 17:00:00,138.01,evening_rush,2025-08-30 15:55:09
3968,Books,102.83,2,2025-07-11 18:00:00,205.66,evening_rush,2025-08-30 15:55:09
8449,Clothing,117.77,1,2024-10-13 19:00:00,117.77,evening_rush,2025-08-30 15:55:09
2732,Electronics,45.99,1,2025-04-07 18:00:00,45.99,evening_rush,2025-08-30 15:55:09
3391,Electronics,96.86,1,2025-03-18 20:00:00,96.86,evening_rush,2025-08-30 15:55:09
9935,Clothing,57.73,3,2024-11-22 20:00:00,173.19,evening_rush,2025-08-30 15:55:09
5685,Books,32.99,2,2024-11-26 19:00:00,65.98,evening_rush,2025-08-30 15:55:09
2975,Electronics,36.66,1,2025-07-22 18:00:00,36.66,evening_rush,2025-08-30 15:55:09
6827,Electronics,120.07,1,2025-07-31 17:00:00,120.07,evening_rush,2025-08-30 15:55:09
8507,Clothing,28.63,1,2025-05-27 20:00:00,28.63,evening_rush,2025-08-30 15:55:09
1145,Clothing,33.04,3,2025-04-17 19:00:00,99.12,evening_rush,2025-08-30 15:55:09
9618,Clothing,100.58,2,2024-09-12 19:00:00,201.16,evening_rush,2025-08-30 15:55:09
3186,Home,97.34,4,2024-09-12 19:00:00,389.36,evening_rush,2025-08-30 15:55:09
7055,Electronics,50.44,3,2025-07-22 18:00:00,151.32,evening_rush,2025-08-30 15:55:09
3270,Books,63.5,1,2024-12-18 17:00:00,63.5,evening_rush,2025-08-30 15:55:09
7724,Books,18.02,1,2025-01-31 19:00:00,18.02,evening_rush,2025-08-30 15:55:09
8706,Electronics,1.4,1,2025-01-31 18:00:00,1.4,evening_rush,2025-08-30 15:55:09
6825,Clothing,70.47,1,2025-02-14 17:00:00,70.47,evening_rush,2025-08-30 15:55:09
6637,Home,106.66,1,2024-10-21 20:00:00,106.66,evening_rush,2025-08-30 15:55:09
5714,Clothing,5.9,3,2025-06-01 19:00:00,17.7,evening_rush,2025-08-30 15:55:09
5214,Sports,65.58,1,2025-03-05 17:00:00,65.58,evening_rush,2025-08-30 15:55:09
8241,Clothing,137.77,4,2025-07-08 19:00:00,551.08,evening_rush,2025-08-30 15:55:09
9404,Books,118.44,1,2025-08-16 20:00:00,118.44,evening_rush,2025-08-30 15:55:09
6756,Sports,88.48,2,2024-11-11 17:00:00,176.96,evening_rush,2025-08-30 15:55:09
8853,Books,18.85,2,2025-04-29 20:00:00,37.7,evening_rush,2025-08-30 15:55:09
7270,Clothing,24.68,2,2025-01-01 19:00:00,49.36,evening_rush,2025-08-30 15:55:09
8457,Sports,134.23,3,2025-07-13 20:00:00,402.69,evening_rush,2025-08-30 15:55:09
6321,Electronics,51.72,1,2025-05-11 20:00:00,51.72,evening_rush,2025-08-30 15:55:09
2993,Books,181.82,3,2024-12-01 20:00:00,545.46,evening_rush,2025-08-30 15:55:09
8726,Clothing,10.1,3,2025-07-30 20:00:00,30.3,evening_rush,2025-08-30 15:55:09
8683,Home,99.3,1,2024-11-29 20:00:00,99.3,evening_rush,2025-08-30 15:55:09
2692,Home,44.04,5,2025-05-07 17:00:00,220.2,evening_rush,2025-08-30 15:55:09
8747,Clothing,27.64,1,2025-08-16 17:00:00,27.64,evening_rush,2025-08-30 15:55:09
3874,Electronics,30.01,3,2025-08-14 18:00:00,90.03,evening_rush,2025-08-30 15:55:09
2900,Books,1.2,2,2025-05-23 20:00:00,2.4,evening_rush,2025-08-30 15:55:09
5663,Clothing,82.7,1,2025-05-10 18:00:00,82.7,evening_rush,2025-08-30 15:55:09
8374,Electronics,99.07,4,2025-03-19 17:00:00,396.28,evening_rush,2025-08-30 15:55:09
2285,Home,101.71,2,2025-08-05 19:00:00,203.42,evening_rush,2025-08-30 15:55:09
4468,Books,48.33,2,2025-02-07 19:00:00,96.66,evening_rush,2025-08-30 15:55:09
1819,Home,83.46,2,2025-06-02 18:00:00,166.92,evening_rush,2025-08-30 15:55:09
2882,Books,11.09,1,2025-07-26 17:00:00,11.09,evening_rush,2025-08-30 15:55:09
4397,Home,71.17,1,2025-04-03 18:00:00,71.17,evening_rush,2025-08-30 15:55:09
9699,Books,140.48,2,2025-07-30 18:00:00,280.96,evening_rush,2025-08-30 15:55:09
5505,Electronics,63.2,1,2025-08-15 20:00:00,63.2,evening_rush,2025-08-30 15:55:09
8933,Home,79.23,2,2025-03-22 20:00:00,158.46,evening_rush,2025-08-30 15:55:09
6521,Clothing,63.19,4,2024-11-30 17:00:00,252.76,evening_rush,2025-08-30 15:55:09
4535,Home,8.72,4,2024-12-29 17:00:00,34.88,evening_rush,2025-08-30 15:55:09
4533,Home,48.54,2,2025-03-09 17:00:00,97.08,evening_rush,2025-08-30 15:55:09
4035,Clothing,137.91,2,2025-07-29 17:00:00,275.82,evening_rush,2025-08-30 15:55:09
3414,Books,0.61,1,2025-08-10 20:00:00,0.61,evening_rush,2025-08-30 15:55:09
8073,Electronics,270.51,4,2025-07-03 19:00:00,1082.04,evening_rush,2025-08-30 15:55:09
4099,Sports,171.2,1,2024-11-07 17:00:00,171.2,evening_rush,2025-08-30 15:55:09
5425,Sports,211.58,2,2025-03-11 19:00:00,423.16,evening_rush,2025-08-30 15:55:09
8391,Clothing,98.49,3,2025-04-26 18:00:00,295.47,evening_rush,2025-08-30 15:55:09
3778,Clothing,6.51,3,2024-10-26 18:00:00,19.53,evening_rush,2025-08-30 15:55:09
8914,Books,82.8,3,2025-02-02 17:00:00,248.4,evening_rush,2025-08-30 15:55:09
8035,Electronics,46.74,2,2025-06-26 20:00:00,93.48,evening_rush,2025-08-30 15:55:09
2933,Electronics,100.4,1,2025-02-02 20:00:00,100.4,evening_rush,2025-08-30 15:55:09
4091,Clothing,33.34,4,2024-12-06 19:00:00,133.36,evening_rush,2025-08-30 15:55:09
5759,Books,105.66,2,2025-03-07 18:00:00,211.32,evening_rush,2025-08-30 15:55:09
3455,Books,1.23,2,2024-10-03 18:00:00,2.46,evening_rush,2025-08-30 15:55:09
1657,Home,38.28,3,2025-06-26 19:00:00,114.84,evening_rush,2025-08-30 15:55:09
3457,Sports,185.63,3,2025-07-22 17:00:00,556.89,evening_rush,2025-08-30 15:55:09
4225,Home,117.4,1,2024-09-07 17:00:00,117.4,evening_rush,2025-08-30 15:55:09
5762,Sports,100.67,2,2024-11-06 20:00:00,201.34,evening_rush,2025-08-30 15:55:09
1767,Clothing,32.18,2,2025-08-18 19:00:00,64.36,evening_rush,2025-08-30 15:55:09
7308,Electronics,82.95,3,2024-10-03 17:00:00,248.85,evening_rush,2025-08-30 15:55:09
1116,Sports,149.18,3,2025-06-30 18:00:00,447.54,evening_rush,2025-08-30 15:55:09
5362,Books,87.39,1,2025-03-19 20:00:00,87.39,evening_rush,2025-08-30 15:55:09
6578,Electronics,67.42,2,2025-02-10 17:00:00,134.84,evening_rush,2025-08-30 15:55:09
7410,Sports,100.67,2,2025-02-24 20:00:00,201.34,evening_rush,2025-08-30 15:55:09
2364,Electronics,119.95,2,2025-03-26 17:00:00,239.9,evening_rush,2025-08-30 15:55:09
2806,Books,238.55,1,2024-12-24 17:00:00,238.55,evening_rush,2025-08-30 15:55:09
1170,Sports,1.39,1,2025-05-21 20:00:00,1.39,evening_rush,2025-08-30 15:55:09
2456,Home,88.79,2,2024-10-13 20:00:00,177.58,evening_rush,2025-08-30 15:55:09
2684,Electronics,29.38,3,2025-02-14 17:00:00,88.14,evening_rush,2025-08-30 15:55:09
1545,Home,49.13,2,2024-09-12 17:00:00,98.26,evening_rush,2025-08-30 15:55:09
4314,Sports,5.3,1,2025-03-27 20:00:00,5.3,evening_rush,2025-08-30 15:55:09
2021,Home,143.1,2,2025-06-25 19:00:00,286.2,evening_rush,2025-08-30 15:55:09
3571,Clothing,133.86,4,2024-09-04 18:00:00,535.44,evening_rush,2025-08-30 15:55:09
2343,Electronics,14.99,2,2025-05-07 18:00:00,29.98,evening_rush,2025-08-30 15:55:09
9456,Home,73.6,3,2024-11-28 19:00:00,220.8,evening_rush,2025-08-30 15:55:09
1126,Electronics,17.07,3,2025-04-06 20:00:00,51.21,evening_rush,2025-08-30 15:55:09
6412,Electronics,20.78,1,2024-12-31 19:00:00,20.78,evening_rush,2025-08-30 15:55:09
1487,Clothing,17.4,2,2024-12-16 17:00:00,34.8,evening_rush,2025-08-30 15:55:09
3586,Sports,48.58,1,2024-11-28 17:00:00,48.58,evening_rush,2025-08-30 15:55:09
7795,Clothing,48.15,3,2025-03-30 17:00:00,144.45,evening_rush,2025-08-30 15:55:09
8613,Clothing,34.57,3,2024-09-03 20:00:00,103.71,evening_rush,2025-08-30 15:55:09
3227,Books,179.42,1,2024-10-22 18:00:00,179.42,evening_rush,2025-08-30 15:55:09
8368,Books,0.99,4,2025-05-10 18:00:00,3.96,evening_rush,2025-08-30 15:55:09
6697,Clothing,81.39,1,2024-09-19 19:00:00,81.39,evening_rush,2025-08-30 15:55:09
4861,Books,69.18,1,2025-07-22 18:00:00,69.18,evening_rush,2025-08-30 15:55:09
9200,Clothing,1.01,1,2025-04-16 19:00:00,1.01,evening_rush,2025-08-30 15:55:09
7031,Home,51.4,1,2025-01-25 17:00:00,51.4,evening_rush,2025-08-30 15:55:09
8660,Clothing,97.87,2,2025-05-06 20:00:00,195.74,evening_rush,2025-08-30 15:55:09
8143,Electronics,149.78,5,2024-12-15 17:00:00,748.9,evening_rush,2025-08-30 15:55:09
3265,Sports,62.65,3,2024-11-01 17:00:00,187.95,evening_rush,2025-08-30 15:55:09
1399,Electronics,44.97,1,2025-08-19 17:00:00,44.97,evening_rush,2025-08-30 15:55:09
5517,Home,177.82,2,2025-01-28 18:00:00,355.64,evening_rush,2025-08-30 15:55:09
4235,Electronics,50.31,4,2024-09-20 18:00:00,201.24,evening_rush,2025-08-30 15:55:09
1564,Clothing,65.91,2,2024-10-08 18:00:00,131.82,evening_rush,2025-08-30 15:55:09
1160,Books,1.37,1,2024-11-23 20:00:00,1.37,evening_rush,2025-08-30 15:55:09
2291,Electronics,168.69,4,2024-12-12 18:00:00,674.76,evening_rush,2025-08-30 15:55:09
7078,Home,53.82,2,2024-12-31 17:00:00,107.64,evening_rush,2025-08-30 15:55:09
6302,Clothing,58.59,3,2024-12-03 19:00:00,175.77,evening_rush,2025-08-30 15:55:09
2218,Books,44.75,3,2025-03-11 20:00:00,134.25,evening_rush,2025-08-30 15:55:09
7738,Sports,60.57,2,2025-07-16 18:00:00,121.14,evening_rush,2025-08-30 15:55:09
7101,Home,78.92,2,2025-01-23 18:00:00,157.84,evening_rush,2025-08-30 15:55:09
5066,Books,77.31,1,2024-09-29 18:00:00,77.31,evening_rush,2025-08-30 15:55:09
3947,Sports,118.01,2,2024-12-09 18:00:00,236.02,evening_rush,2025-08-30 15:55:09
1418,Electronics,1.37,1,2025-05-10 20:00:00,1.37,evening_rush,2025-08-30 15:55:09
1862,Home,33.88,2,2025-07-30 19:00:00,67.76,evening_rush,2025-08-30 15:55:09
3705,Clothing,1.39,1,2025-04-21 17:00:00,1.39,evening_rush,2025-08-30 15:55:09
6703,Books,119.5,2,2025-04-10 17:00:00,239.0,evening_rush,2025-08-30 15:55:09
8183,Electronics,0.65,4,2025-05-28 20:00:00,2.6,evening_rush,2025-08-30 15:55:09
7761,Home,194.35,1,2024-11-19 20:00:00,194.35,evening_rush,2025-08-30 15:55:09
5041,Clothing,17.92,1,2025-02-06 19:00:00,17.92,evening_rush,2025-08-30 15:55:09
7671,Home,69.52,2,2024-10-04 20:00:00,139.04,evening_rush,2025-08-30 15:55:09
5834,Electronics,35.29,4,2024-09-21 20:00:00,141.16,evening_rush,2025-08-30 15:55:09
2038,Clothing,40.33,2,2025-02-14 19:00:00,80.66,evening_rush,2025-08-30 15:55:09
9341,Home,101.33,1,2025-02-28 18:00:00,101.33,evening_rush,2025-08-30 15:55:09
7497,Electronics,101.75,1,2024-09-16 17:00:00,101.75,evening_rush,2025-08-30 15:55:09
9361,Clothing,20.47,3,2025-08-16 18:00:00,61.41,evening_rush,2025-08-30 15:55:09
1741,Books,29.98,3,2025-08-05 20:00:00,89.94,evening_rush,2025-08-30 15:55:09
4138,Electronics,72.34,2,2025-04-13 18:00:00,144.68,evening_rush,2025-08-30 15:55:09
6460,Books,113.75,3,2025-04-09 19:00:00,341.25,evening_rush,2025-08-30 15:55:09
3060,Books,52.82,1,2024-12-16 17:00:00,52.82,evening_rush,2025-08-30 15:55:09
4510,Electronics,98.44,1,2025-04-30 18:00:00,98.44,evening_rush,2025-08-30 15:55:09
7926,Home,59.26,2,2025-01-30 18:00:00,118.52,evening_rush,2025-08-30 15:55:09
4409,Electronics,31.09,1,2025-02-24 17:00:00,31.09,evening_rush,2025-08-30 15:55:09
2220,Clothing,23.5,2,2024-12-12 18:00:00,47.0,evening_rush,2025-08-30 15:55:09
5367,Books,97.98,1,2025-08-21 18:00:00,97.98,evening_rush,2025-08-30 15:55:09
2457,Clothing,85.94,2,2025-05-18 18:00:00,171.88,evening_rush,2025-08-30 15:55:09
7529,Clothing,69.24,2,2025-05-31 18:00:00,138.48,evening_rush,2025-08-30 15:55:09
7649,Books,103.09,3,2025-01-06 18:00:00,309.27,evening_rush,2025-08-30 15:55:09
5931,Home,29.36,2,2025-07-22 20:00:00,58.72,evening_rush,2025-08-30 15:55:09
3390,Electronics,178.68,1,2025-03-02 18:00:00,178.68,evening_rush,2025-08-30 15:55:09
5394,Clothing,131.5,3,2025-08-13 19:00:00,394.5,evening_rush,2025-08-30 15:55:09
8161,Electronics,130.11,2,2025-06-14 19:00:00,260.22,evening_rush,2025-08-30 15:55:09
2892,Electronics,215.73,4,2025-02-18 20:00:00,862.92,evening_rush,2025-08-30 15:55:09
8193,Sports,84.54,1,2024-12-06 18:00:00,84.54,evening_rush,2025-08-30 15:55:09
5700,Electronics,196.22,2,2024-11-30 18:00:00,392.44,evening_rush,2025-08-30 15:55:09
3242,Books,72.45,1,2024-10-14 19:00:00,72.45,evening_rush,2025-08-30 15:55:09
6222,Electronics,138.22,4,2025-02-03 20:00:00,552.88,evening_rush,2025-08-30 15:55:09
5410,Clothing,45.77,1,2025-08-15 20:00:00,45.77,evening_rush,2025-08-30 15:55:09
4450,Electronics,116.67,4,2025-06-19 19:00:00,466.68,evening_rush,2025-08-30 15:55:09
7492,Electronics,103.22,4,2025-05-01 20:00:00,412.88,evening_rush,2025-08-30 15:55:09
4355,Electronics,111.32,2,2024-10-16 20:00:00,222.64,evening_rush,2025-08-30 15:55:09
9769,Electronics,1.39,1,2025-05-12 20:00:00,1.39,evening_rush,2025-08-30 15:55:09
4298,Home,44.01,1,2024-11-02 19:00:00,44.01,evening_rush,2025-08-30 15:55:09
3723,Home,31.23,3,2025-02-18 20:00:00,93.69,evening_rush,2025-08-30 15:55:09
6674,Home,146.65,2,2025-06-12 17:00:00,293.3,evening_rush,2025-08-30 15:55:09
6296,Home,150.25,2,2024-11-10 19:00:00,300.5,evening_rush,2025-08-30 15:55:09
2138,Clothing,51.72,3,2024-12-09 17:00:00,155.16,evening_rush,2025-08-30 15:55:09
2091,Clothing,64.1,1,2024-09-18 17:00:00,64.1,evening_rush,2025-08-30 15:55:09
9558,Books,148.35,1,2025-06-23 18:00:00,148.35,evening_rush,2025-08-30 15:55:09
9130,Home,26.42,1,2025-03-14 18:00:00,26.42,evening_rush,2025-08-30 15:55:09
8651,Clothing,115.28,4,2025-06-12 20:00:00,461.12,evening_rush,2025-08-30 15:55:09
6269,Electronics,45.35,4,2025-08-09 19:00:00,181.4,evening_rush,2025-08-30 15:55:09
6284,Clothing,58.71,2,2025-01-18 20:00:00,117.42,evening_rush,2025-08-30 15:55:09
4243,Clothing,119.42,1,2025-05-07 18:00:00,119.42,evening_rush,2025-08-30 15:55:09
3737,Clothing,67.52,4,2025-06-14 18:00:00,270.08,evening_rush,2025-08-30 15:55:09
4983,Electronics,1.37,1,2025-08-05 20:00:00,1.37,evening_rush,2025-08-30 15:55:09
8530,Books,41.03,2,2025-08-29 17:00:00,82.06,evening_rush,2025-08-30 15:55:09
3692,Clothing,1.09,2,2024-11-16 19:00:00,2.18,evening_rush,2025-08-30 15:55:09
7912,Home,47.84,1,2024-11-12 17:00:00,47.84,evening_rush,2025-08-30 15:55:09
9640,Electronics,44.24,3,2024-10-26 17:00:00,132.72,evening_rush,2025-08-30 15:55:09
3789,Clothing,115.52,1,2024-11-17 20:00:00,115.52,evening_rush,2025-08-30 15:55:09
9040,Electronics,88.48,2,2025-01-10 18:00:00,176.96,evening_rush,2025-08-30 15:55:09
8586,Sports,60.19,1,2025-06-05 17:00:00,60.19,evening_rush,2025-08-30 15:55:09
2461,Sports,114.39,2,2025-04-21 19:00:00,228.78,evening_rush,2025-08-30 15:55:09
2485,Clothing,1.37,2,2025-05-07 18:00:00,2.74,evening_rush,2025-08-30 15:55:09
2935,Clothing,124.95,3,2024-09-14 17:00:00,374.85,evening_rush,2025-08-30 15:55:09
3468,Books,20.43,1,2024-11-18 20:00:00,20.43,evening_rush,2025-08-30 15:55:09
4111,Electronics,17.92,2,2024-09-09 18:00:00,35.84,evening_rush,2025-08-30 15:55:09
7108,Clothing,166.79,2,2025-07-27 19:00:00,333.58,evening_rush,2025-08-30 15:55:09
6879,Books,16.8,5,2024-11-18 19:00:00,84.0,evening_rush,2025-08-30 15:55:09
2776,Electronics,37.08,1,2025-04-02 18:00:00,37.08,evening_rush,2025-08-30 15:55:09
5011,Home,71.68,2,2024-10-16 20:00:00,143.36,evening_rush,2025-08-30 15:55:09
8979,Books,6.44,1,2024-09-12 20:00:00,6.44,evening_rush,2025-08-30 15:55:09
3806,Books,1.28,1,2025-08-10 17:00:00,1.28,evening_rush,2025-08-30 15:55:09
3556,Home,133.42,3,2024-09-14 18:00:00,400.26,evening_rush,2025-08-30 15:55:09
1296,Electronics,48.5,1,2024-09-09 18:00:00,48.5,evening_rush,2025-08-30 15:55:09
1963,Books,86.85,3,2024-10-24 20:00:00,260.55,evening_rush,2025-08-30 15:55:09
7798,Electronics,147.88,3,2025-04-22 20:00:00,443.64,evening_rush,2025-08-30 15:55:09
3688,Books,58.37,2,2025-01-31 19:00:00,116.74,evening_rush,2025-08-30 15:55:09
1926,Electronics,1.2,3,2024-11-17 20:00:00,3.6,evening_rush,2025-08-30 15:55:09
8370,Clothing,14.21,3,2025-05-12 19:00:00,42.63,evening_rush,2025-08-30 15:55:09
2403,Books,90.58,3,2025-04-09 18:00:00,271.74,evening_rush,2025-08-30 15:55:09
8727,Clothing,0.93,3,2024-10-25 19:00:00,2.79,evening_rush,2025-08-30 15:55:09
8234,Clothing,115.06,2,2025-04-15 18:00:00,230.12,evening_rush,2025-08-30 15:55:09
2712,Clothing,51.19,1,2025-04-29 20:00:00,51.19,evening_rush,2025-08-30 15:55:09
2587,Books,60.01,1,2025-02-04 20:00:00,60.01,evening_rush,2025-08-30 15:55:09
2905,Home,50.47,2,2025-01-09 18:00:00,100.94,evening_rush,2025-08-30 15:55:09
7603,Books,169.22,1,2025-08-28 18:00:00,169.22,evening_rush,2025-08-30 15:55:09
3070,Books,64.75,2,2025-01-21 20:00:00,129.5,evening_rush,2025-08-30 15:55:09
4435,Books,80.95,1,2025-05-28 17:00:00,80.95,evening_rush,2025-08-30 15:55:09
1071,Electronics,42.07,1,2025-07-03 17:00:00,42.07,evening_rush,2025-08-30 15:55:09
2272,Clothing,38.77,1,2024-10-27 18:00:00,38.77,evening_rush,2025-08-30 15:55:09
5581,Electronics,98.48,3,2024-11-23 17:00:00,295.44,evening_rush,2025-08-30 15:55:09
2413,Books,122.42,2,2024-10-17 18:00:00,244.84,evening_rush,2025-08-30 15:55:09
1994,Electronics,0.64,2,2024-11-01 18:00:00,1.28,evening_rush,2025-08-30 15:55:09
2958,Home,69.22,1,2025-07-27 20:00:00,69.22,evening_rush,2025-08-30 15:55:09
2475,Sports,36.08,1,2025-02-23 17:00:00,36.08,evening_rush,2025-08-30 15:55:09
8499,Electronics,19.65,3,2024-12-28 20:00:00,58.95,evening_rush,2025-08-30 15:55:09
2815,Home,24.4,2,2024-12-03 20:00:00,48.8,evening_rush,2025-08-30 15:55:09
9733,Electronics,35.29,2,2025-06-23 17:00:00,70.58,evening_rush,2025-08-30 15:55:09
5859,Electronics,54.81,2,2024-11-23 18:00:00,109.62,evening_rush,2025-08-30 15:55:09
8906,Electronics,56.44,1,2025-05-25 17:00:00,56.44,evening_rush,2025-08-30 15:55:09
8042,Books,82.18,3,2024-12-18 17:00:00,246.54,evening_rush,2025-08-30 15:55:09
6983,Books,48.96,4,2024-12-04 20:00:00,195.84,evening_rush,2025-08-30 15:55:09
5577,Electronics,0.87,2,2025-01-16 18:00:00,1.74,evening_rush,2025-08-30 15:55:09
6227,Books,49.21,2,2024-10-05 20:00:00,98.42,evening_rush,2025-08-30 15:55:09
2825,Home,49.63,1,2025-06-24 17:00:00,49.63,evening_rush,2025-08-30 15:55:09
4440,Home,1.38,5,2025-02-09 20:00:00,6.9,evening_rush,2025-08-30 15:55:09
1794,Books,26.46,1,2025-08-22 20:00:00,26.46,evening_rush,2025-08-30 15:55:09
9644,Sports,45.44,3,2024-11-17 19:00:00,136.32,evening_rush,2025-08-30 15:55:09
9227,Clothing,102.53,2,2025-01-07 20:00:00,205.06,evening_rush,2025-08-30 15:55:09
7271,Clothing,79.89,3,2025-06-20 17:00:00,239.67,evening_rush,2025-08-30 15:55:09
4925,Books,35.49,3,2025-04-15 19:00:00,106.47,evening_rush,2025-08-30 15:55:09
2543,Home,89.21,1,2024-10-15 18:00:00,89.21,evening_rush,2025-08-30 15:55:09
4147,Home,1.0,1,2025-02-13 17:00:00,1.0,evening_rush,2025-08-30 15:55:09
1618,Books,302.76,2,2024-09-28 20:00:00,605.52,evening_rush,2025-08-30 15:55:09
5493,Sports,9.81,2,2025-01-15 18:00:00,19.62,evening_rush,2025-08-30 15:55:09
8703,Clothing,8.83,4,2025-04-18 17:00:00,35.32,evening_rush,2025-08-30 15:55:09
9787,Electronics,86.15,2,2024-12-30 19:00:00,172.3,evening_rush,2025-08-30 15:55:09
7628,Electronics,107.66,5,2024-12-31 19:00:00,538.3,evening_rush,2025-08-30 15:55:09
6059,Sports,72.4,1,2024-11-26 20:00:00,72.4,evening_rush,2025-08-30 15:55:09
3557,Home,1.35,2,2024-11-03 18:00:00,2.7,evening_rush,2025-08-30 15:55:09
5757,Clothing,48.32,1,2025-01-30 17:00:00,48.32,evening_rush,2025-08-30 15:55:09
7229,Electronics,147.57,1,2025-06-28 18:00:00,147.57,evening_rush,2025-08-30 15:55:09
2552,Electronics,11.25,1,2025-02-07 20:00:00,11.25,evening_rush,2025-08-30 15:55:09
2954,Electronics,113.51,2,2025-08-21 17:00:00,227.02,evening_rush,2025-08-30 15:55:09
7807,Clothing,168.99,1,2024-10-04 20:00:00,168.99,evening_rush,2025-08-30 15:55:09
5418,Books,1.34,4,2024-12-13 19:00:00,5.36,evening_rush,2025-08-30 15:55:09
1521,Home,96.07,3,2025-06-30 18:00:00,288.21,evening_rush,2025-08-30 15:55:09
4211,Clothing,1.66,2,2024-09-25 18:00:00,3.32,evening_rush,2025-08-30 15:55:09
2727,Clothing,149.21,2,2025-03-08 20:00:00,298.42,evening_rush,2025-08-30 15:55:09
4202,Books,30.24,2,2025-05-14 19:00:00,60.48,evening_rush,2025-08-30 15:55:09
7644,Electronics,119.02,3,2025-01-12 20:00:00,357.06,evening_rush,2025-08-30 15:55:09
4138,Clothing,38.87,3,2025-07-02 19:00:00,116.61,evening_rush,2025-08-30 15:55:09
6008,Home,42.42,1,2025-01-08 18:00:00,42.42,evening_rush,2025-08-30 15:55:09
8849,Home,106.86,2,2024-11-27 17:00:00,213.72,evening_rush,2025-08-30 15:55:09
1924,Clothing,58.62,2,2024-09-11 17:00:00,117.24,evening_rush,2025-08-30 15:55:09
6167,Books,1.24,1,2025-04-13 20:00:00,1.24,evening_rush,2025-08-30 15:55:09
2014,Books,60.78,4,2025-01-13 19:00:00,243.12,evening_rush,2025-08-30 15:55:09
1932,Electronics,137.34,2,2024-12-29 20:00:00,274.68,evening_rush,2025-08-30 15:55:09
4337,Home,42.8,1,2025-05-19 19:00:00,42.8,evening_rush,2025-08-30 15:55:09
3174,Clothing,76.13,2,2024-09-02 20:00:00,152.26,evening_rush,2025-08-30 15:55:09
6859,Home,62.29,3,2024-10-02 17:00:00,186.87,evening_rush,2025-08-30 15:55:09
8309,Electronics,169.31,6,2025-07-17 20:00:00,1015.86,evening_rush,2025-08-30 15:55:09
3373,Electronics,40.36,1,2025-04-11 19:00:00,40.36,evening_rush,2025-08-30 15:55:09
8368,Books,85.71,3,2024-12-07 19:00:00,257.13,evening_rush,2025-08-30 15:55:09
7033,Electronics,36.59,3,2025-03-17 17:00:00,109.77,evening_rush,2025-08-30 15:55:09
9431,Electronics,153.64,1,2024-10-26 17:00:00,153.64,evening_rush,2025-08-30 15:55:09
8406,Home,0.61,1,2025-04-18 20:00:00,0.61,evening_rush,2025-08-30 15:55:09
6720,Electronics,71.97,1,2024-09-20 17:00:00,71.97,evening_rush,2025-08-30 15:55:09
9671,Home,121.55,2,2024-09-22 19:00:00,243.1,evening_rush,2025-08-30 15:55:09
9343,Sports,56.27,1,2025-02-27 18:00:00,56.27,evening_rush,2025-08-30 15:55:09
7637,Electronics,77.18,1,2024-11-04 20:00:00,77.18,evening_rush,2025-08-30 15:55:09
3526,Clothing,68.08,2,2024-12-17 20:00:00,136.16,evening_rush,2025-08-30 15:55:09
4716,Electronics,41.2,4,2025-05-13 17:00:00,164.8,evening_rush,2025-08-30 15:55:09
9917,Books,22.81,2,2025-08-11 18:00:00,45.62,evening_rush,2025-08-30 15:55:09
2424,Home,125.91,2,2024-10-09 17:00:00,251.82,evening_rush,2025-08-30 15:55:09
6077,Clothing,14.16,1,2025-07-28 18:00:00,14.16,evening_rush,2025-08-30 15:55:09
4715,Home,42.26,1,2025-06-25 18:00:00,42.26,evening_rush,2025-08-30 15:55:09
9531,Home,1.02,1,2025-02-14 18:00:00,1.02,evening_rush,2025-08-30 15:55:09
3410,Clothing,53.33,1,2024-09-18 19:00:00,53.33,evening_rush,2025-08-30 15:55:09
8499,Books,32.9,1,2024-09-05 20:00:00,32.9,evening_rush,2025-08-30 15:55:09
8331,Books,104.17,1,2025-08-06 20:00:00,104.17,evening_rush,2025-08-30 15:55:09
1643,Books,17.01,1,2024-10-08 19:00:00,17.01,evening_rush,2025-08-30 15:55:09
2802,Clothing,122.43,2,2025-03-10 20:00:00,244.86,evening_rush,2025-08-30 15:55:09
8958,Electronics,86.05,1,2025-06-11 17:00:00,86.05,evening_rush,2025-08-30 15:55:09
6919,Electronics,49.63,5,2025-06-04 20:00:00,248.15,evening_rush,2025-08-30 15:55:09
1894,Electronics,29.6,2,2025-07-21 17:00:00,59.2,evening_rush,2025-08-30 15:55:09
6604,Electronics,28.77,2,2025-06-26 17:00:00,57.54,evening_rush,2025-08-30 15:55:09
8025,Books,243.87,1,2024-12-16 19:00:00,243.87,evening_rush,2025-08-30 15:55:09
1118,Electronics,124.67,4,2025-03-16 19:00:00,498.68,evening_rush,2025-08-30 15:55:09
5744,Books,97.13,1,2025-01-21 20:00:00,97.13,evening_rush,2025-08-30 15:55:09
4716,Electronics,102.96,3,2025-02-27 17:00:00,308.88,evening_rush,2025-08-30 15:55:09
4750,Books,0.78,2,2024-12-16 20:00:00,1.56,evening_rush,2025-08-30 15:55:09
4273,Electronics,30.34,2,2024-10-29 19:00:00,60.68,evening_rush,2025-08-30 15:55:09
5432,Clothing,101.07,1,2024-11-12 20:00:00,101.07,evening_rush,2025-08-30 15:55:09
8947,Home,65.36,3,2024-10-30 17:00:00,196.08,evening_rush,2025-08-30 15:55:09
1398,Electronics,8.54,3,2025-04-27 17:00:00,25.62,evening_rush,2025-08-30 15:55:09
1568,Electronics,22.44,1,2024-10-31 20:00:00,22.44,evening_rush,2025-08-30 15:55:09
8273,Sports,52.55,3,2025-06-03 18:00:00,157.65,evening_rush,2025-08-30 15:55:09
8912,Home,69.53,1,2025-05-07 20:00:00,69.53,evening_rush,2025-08-30 15:55:09
3034,Clothing,215.26,2,2025-06-09 18:00:00,430.52,evening_rush,2025-08-30 15:55:09
2236,Home,45.16,3,2025-01-11 18:00:00,135.48,evening_rush,2025-08-30 15:55:09
6483,Home,63.58,1,2025-07-02 19:00:00,63.58,evening_rush,2025-08-30 15:55:09
4320,Sports,150.34,1,2024-10-22 19:00:00,150.34,evening_rush,2025-08-30 15:55:09
1537,Home,24.27,1,2025-08-10 19:00:00,24.27,evening_rush,2025-08-30 15:55:09
8812,Sports,29.66,1,2025-07-02 17:00:00,29.66,evening_rush,2025-08-30 15:55:09
7865,Electronics,71.83,2,2025-01-18 17:00:00,143.66,evening_rush,2025-08-30 15:55:09
5318,Electronics,49.38,1,2025-05-02 18:00:00,49.38,evening_rush,2025-08-30 15:55:09
6389,Sports,115.67,2,2025-08-02 18:00:00,231.34,evening_rush,2025-08-30 15:55:09
6099,Electronics,69.8,1,2025-01-13 19:00:00,69.8,evening_rush,2025-08-30 15:55:09
4707,Home,32.75,5,2025-04-10 18:00:00,163.75,evening_rush,2025-08-30 15:55:09
6855,Books,93.14,1,2025-05-08 20:00:00,93.14,evening_rush,2025-08-30 15:55:09
7732,Electronics,56.85,1,2025-05-27 18:00:00,56.85,evening_rush,2025-08-30 15:55:09
3429,Electronics,43.98,1,2025-05-31 18:00:00,43.98,evening_rush,2025-08-30 15:55:09
2408,Home,106.44,2,2024-11-19 20:00:00,212.88,evening_rush,2025-08-30 15:55:09
8436,Sports,155.44,2,2025-06-27 20:00:00,310.88,evening_rush,2025-08-30 15:55:09
1548,Clothing,85.53,2,2025-02-12 18:00:00,171.06,evening_rush,2025-08-30 15:55:09
7980,Electronics,82.0,2,2024-10-19 18:00:00,164.0,evening_rush,2025-08-30 15:55:09
9718,Books,181.21,1,2025-08-05 17:00:00,181.21,evening_rush,2025-08-30 15:55:09
6493,Home,26.27,2,2025-05-17 20:00:00,52.54,evening_rush,2025-08-30 15:55:09
5644,Electronics,17.79,3,2025-06-08 17:00:00,53.37,evening_rush,2025-08-30 15:55:09
1177,Electronics,78.07,1,2025-08-21 20:00:00,78.07,evening_rush,2025-08-30 15:55:09
4227,Electronics,1.11,3,2025-01-10 19:00:00,3.33,evening_rush,2025-08-30 15:55:09
6785,Home,256.5,2,2025-03-02 18:00:00,513.0,evening_rush,2025-08-30 15:55:09
7619,Clothing,87.66,2,2025-07-04 17:00:00,175.32,evening_rush,2025-08-30 15:55:09
6676,Electronics,168.24,1,2025-04-18 17:00:00,168.24,evening_rush,2025-08-30 15:55:09
7194,Sports,102.21,1,2025-04-22 18:00:00,102.21,evening_rush,2025-08-30 15:55:09
3922,Books,140.0,1,2025-03-11 20:00:00,140.0,evening_rush,2025-08-30 15:55:09
8214,Books,100.0,3,2024-09-05 19:00:00,300.0,evening_rush,2025-08-30 15:55:09
3111,Home,138.38,1,2025-06-08 18:00:00,138.38,evening_rush,2025-08-30 15:55:09
5380,Books,98.12,3,2025-01-12 17:00:00,294.36,evening_rush,2025-08-30 15:55:09
7391,Sports,34.72,2,2024-09-12 20:00:00,69.44,evening_rush,2025-08-30 15:55:09
6003,Clothing,51.63,2,2025-03-10 17:00:00,103.26,evening_rush,2025-08-30 15:55:09
3954,Books,77.79,4,2024-12-22 17:00:00,311.16,evening_rush,2025-08-30 15:55:09
5364,Books,163.07,2,2025-02-17 19:00:00,326.14,evening_rush,2025-08-30 15:55:09
9524,Electronics,204.46,4,2025-03-24 20:00:00,817.84,evening_rush,2025-08-30 15:55:09
5819,Clothing,1.3,4,2024-12-29 19:00:00,5.2,evening_rush,2025-08-30 15:55:09
1594,Sports,1.4,5,2025-02-07 18:00:00,7.0,evening_rush,2025-08-30 15:55:09
4526,Books,65.49,1,2025-01-06 20:00:00,65.49,evening_rush,2025-08-30 15:55:09
5924,Home,46.26,1,2025-06-20 19:00:00,46.26,evening_rush,2025-08-30 15:55:09
5615,Books,1.76,2,2024-11-23 19:00:00,3.52,evening_rush,2025-08-30 15:55:09
4608,Electronics,0.83,3,2025-02-13 19:00:00,2.49,evening_rush,2025-08-30 15:55:09
1997,Sports,8.05,1,2024-12-16 20:00:00,8.05,evening_rush,2025-08-30 15:55:09
4204,Home,189.93,3,2025-01-06 17:00:00,569.79,evening_rush,2025-08-30 15:55:09
5764,Books,77.92,3,2025-06-29 18:00:00,233.76,evening_rush,2025-08-30 15:55:09
8327,Electronics,6.02,1,2024-09-11 19:00:00,6.02,evening_rush,2025-08-30 15:55:09
4579,Clothing,28.28,2,2025-02-07 19:00:00,56.56,evening_rush,2025-08-30 15:55:09
7393,Home,217.97,1,2025-06-12 20:00:00,217.97,evening_rush,2025-08-30 15:55:09
9931,Books,38.45,1,2025-07-08 17:00:00,38.45,evening_rush,2025-08-30 15:55:09
5705,Books,1.39,1,2024-12-14 17:00:00,1.39,evening_rush,2025-08-30 15:55:09
6683,Clothing,27.04,1,2025-05-08 19:00:00,27.04,evening_rush,2025-08-30 15:55:09
8544,Electronics,113.73,1,2025-01-10 17:00:00,113.73,evening_rush,2025-08-30 15:55:09
2378,Electronics,137.18,3,2025-08-02 17:00:00,411.54,evening_rush,2025-08-30 15:55:09
8753,Clothing,61.41,1,2024-12-28 20:00:00,61.41,evening_rush,2025-08-30 15:55:09
2119,Home,39.19,2,2025-02-03 19:00:00,78.38,evening_rush,2025-08-30 15:55:09
6205,Electronics,0.64,2,2025-06-17 17:00:00,1.28,evening_rush,2025-08-30 15:55:09
2333,Clothing,129.12,4,2025-07-29 20:00:00,516.48,evening_rush,2025-08-30 15:55:09
7660,Books,113.79,4,2024-09-23 18:00:00,455.16,evening_rush,2025-08-30 15:55:09
2399,Electronics,68.23,2,2025-02-12 18:00:00,136.46,evening_rush,2025-08-30 15:55:09
4044,Electronics,0.65,4,2024-10-26 17:00:00,2.6,evening_rush,2025-08-30 15:55:09
5373,Clothing,41.73,5,2025-05-09 17:00:00,208.65,evening_rush,2025-08-30 15:55:09
8603,Electronics,0.61,4,2025-03-12 17:00:00,2.44,evening_rush,2025-08-30 15:55:09
5027,Clothing,161.01,3,2025-02-28 18:00:00,483.03,evening_rush,2025-08-30 15:55:09
2659,Clothing,45.04,2,2025-01-26 20:00:00,90.08,evening_rush,2025-08-30 15:55:09
6863,Books,309.81,1,2025-08-20 17:00:00,309.81,evening_rush,2025-08-30 15:55:09
7351,Clothing,85.86,5,2024-11-01 18:00:00,429.3,evening_rush,2025-08-30 15:55:09
2060,Books,126.13,3,2025-07-03 17:00:00,378.39,evening_rush,2025-08-30 15:55:09
1507,Sports,145.94,2,2025-03-10 20:00:00,291.88,evening_rush,2025-08-30 15:55:09
7242,Home,139.3,1,2025-05-29 18:00:00,139.3,evening_rush,2025-08-30 15:55:09
6727,Clothing,9.05,1,2024-10-21 18:00:00,9.05,evening_rush,2025-08-30 15:55:09
2750,Sports,15.93,1,2024-11-02 20:00:00,15.93,evening_rush,2025-08-30 15:55:09
9188,Electronics,159.14,3,2024-09-04 20:00:00,477.42,evening_rush,2025-08-30 15:55:09
7752,Electronics,100.55,1,2024-11-24 17:00:00,100.55,evening_rush,2025-08-30 15:55:09
3953,Clothing,73.4,1,2024-09-07 20:00:00,73.4,evening_rush,2025-08-30 15:55:09
3281,Books,87.39,2,2025-06-10 20:00:00,174.78,evening_rush,2025-08-30 15:55:09
7454,Home,27.4,5,2025-07-29 19:00:00,137.0,evening_rush,2025-08-30 15:55:09
7200,Electronics,22.21,3,2025-02-12 17:00:00,66.63,evening_rush,2025-08-30 15:55:09
7495,Home,59.89,2,2025-03-07 17:00:00,119.78,evening_rush,2025-08-30 15:55:09
4825,Clothing,0.76,1,2024-09-27 19:00:00,0.76,evening_rush,2025-08-30 15:55:09
5112,Clothing,78.98,2,2025-06-17 20:00:00,157.96,evening_rush,2025-08-30 15:55:09
8995,Clothing,91.6,3,2024-11-17 20:00:00,274.8,evening_rush,2025-08-30 15:55:09
5645,Electronics,132.85,6,2024-09-19 17:00:00,797.1,evening_rush,2025-08-30 15:55:09
8260,Clothing,96.89,4,2025-06-04 17:00:00,387.56,evening_rush,2025-08-30 15:55:09
3641,Home,129.11,1,2024-12-10 17:00:00,129.11,evening_rush,2025-08-30 15:55:09
9577,Books,130.45,4,2025-03-04 19:00:00,521.8,evening_rush,2025-08-30 15:55:09
8589,Clothing,34.21,2,2025-07-27 20:00:00,68.42,evening_rush,2025-08-30 15:55:09
6061,Home,22.28,1,2025-08-18 18:00:00,22.28,evening_rush,2025-08-30 15:55:09
8480,Clothing,65.35,2,2025-01-19 17:00:00,130.7,evening_rush,2025-08-30 15:55:09
7429,Home,49.48,2,2025-07-28 19:00:00,98.96,evening_rush,2025-08-30 15:55:09
6274,Clothing,21.71,1,2025-01-21 17:00:00,21.71,evening_rush,2025-08-30 15:55:09
1924,Books,89.66,1,2025-07-26 17:00:00,89.66,evening_rush,2025-08-30 15:55:09
1210,Electronics,112.81,1,2024-11-12 18:00:00,112.81,evening_rush,2025-08-30 15:55:09
9391,Sports,82.54,2,2025-03-04 19:00:00,165.08,evening_rush,2025-08-30 15:55:09
1066,Books,50.0,3,2025-03-15 17:00:00,150.0,evening_rush,2025-08-30 15:55:09
2689,Books,58.79,1,2024-09-07 18:00:00,58.79,evening_rush,2025-08-30 15:55:09
2816,Electronics,158.61,1,2025-04-30 18:00:00,158.61,evening_rush,2025-08-30 15:55:09
2350,Home,227.18,1,2025-08-25 19:00:00,227.18,evening_rush,2025-08-30 15:55:09
6989,Electronics,1.19,3,2024-10-13 20:00:00,3.57,evening_rush,2025-08-30 15:55:09
3841,Electronics,12.87,2,2024-11-30 18:00:00,25.74,evening_rush,2025-08-30 15:55:09
4020,Clothing,172.28,1,2025-03-30 17:00:00,172.28,evening_rush,2025-08-30 15:55:09
4014,Books,216.1,1,2025-04-12 17:00:00,216.1,evening_rush,2025-08-30 15:55:09
9664,Clothing,88.89,2,2025-03-06 18:00:00,177.78,evening_rush,2025-08-30 15:55:09
5913,Electronics,97.2,3,2024-09-02 20:00:00,291.6,evening_rush,2025-08-30 15:55:09
3180,Home,60.63,2,2025-01-17 20:00:00,121.26,evening_rush,2025-08-30 15:55:09
7344,Electronics,1.21,3,2025-07-14 18:00:00,3.63,evening_rush,2025-08-30 15:55:09
2985,Books,129.19,3,2024-12-23 17:00:00,387.57,evening_rush,2025-08-30 15:55:09
2830,Clothing,111.36,1,2025-06-01 20:00:00,111.36,evening_rush,2025-08-30 15:55:09
1908,Electronics,112.76,3,2024-12-26 17:00:00,338.28,evening_rush,2025-08-30 15:55:09
9699,Clothing,119.23,4,2024-09-18 17:00:00,476.92,evening_rush,2025-08-30 15:55:09
4786,Sports,61.3,3,2024-11-26 19:00:00,183.9,evening_rush,2025-08-30 15:55:09
7864,Clothing,1.39,3,2024-09-09 19:00:00,4.17,evening_rush,2025-08-30 15:55:09
6146,Electronics,166.14,4,2024-09-29 20:00:00,664.56,evening_rush,2025-08-30 15:55:09
6240,Electronics,75.79,3,2024-08-31 17:00:00,227.37,evening_rush,2025-08-30 15:55:09
9819,Clothing,157.99,1,2025-03-22 19:00:00,157.99,evening_rush,2025-08-30 15:55:09
1235,Electronics,113.23,1,2025-03-08 17:00:00,113.23,evening_rush,2025-08-30 15:55:09
1628,Home,49.89,1,2025-05-05 18:00:00,49.89,evening_rush,2025-08-30 15:55:09
2357,Clothing,68.98,1,2025-06-16 19:00:00,68.98,evening_rush,2025-08-30 15:55:09
8087,Electronics,86.12,2,2025-02-13 18:00:00,172.24,evening_rush,2025-08-30 15:55:09
6883,Books,106.15,4,2025-07-13 19:00:00,424.6,evening_rush,2025-08-30 15:55:09
8688,Electronics,84.12,3,2025-02-12 19:00:00,252.36,evening_rush,2025-08-30 15:55:09
9255,Electronics,204.17,3,2024-12-04 18:00:00,612.51,evening_rush,2025-08-30 15:55:09
5996,Electronics,74.7,1,2025-06-15 20:00:00,74.7,evening_rush,2025-08-30 15:55:09
3204,Electronics,32.41,5,2024-12-01 18:00:00,162.05,evening_rush,2025-08-30 15:55:09
6053,Books,116.44,2,2025-08-29 18:00:00,232.88,evening_rush,2025-08-30 15:55:09
4693,Electronics,0.63,2,2024-09-22 20:00:00,1.26,evening_rush,2025-08-30 15:55:09
3335,Books,117.19,2,2024-11-24 20:00:00,234.38,evening_rush,2025-08-30 15:55:09
8223,Electronics,72.55,3,2025-08-12 20:00:00,217.65,evening_rush,2025-08-30 15:55:09
5341,Clothing,28.04,1,2025-02-27 20:00:00,28.04,evening_rush,2025-08-30 15:55:09
5708,Home,91.28,3,2024-10-01 17:00:00,273.84,evening_rush,2025-08-30 15:55:09
6181,Electronics,187.5,3,2025-05-30 20:00:00,562.5,evening_rush,2025-08-30 15:55:09
6667,Sports,66.95,1,2025-01-04 19:00:00,66.95,evening_rush,2025-08-30 15:55:09
7245,Sports,77.12,2,2025-02-23 17:00:00,154.24,evening_rush,2025-08-30 15:55:09
5408,Electronics,60.19,1,2025-08-02 17:00:00,60.19,evening_rush,2025-08-30 15:55:09
8491,Electronics,113.72,1,2024-09-03 17:00:00,113.72,evening_rush,2025-08-30 15:55:09
6643,Clothing,168.01,2,2025-04-25 20:00:00,336.02,evening_rush,2025-08-30 15:55:09
5183,Electronics,84.73,1,2025-08-28 19:00:00,84.73,evening_rush,2025-08-30 15:55:09
8345,Books,72.56,2,2025-07-30 17:00:00,145.12,evening_rush,2025-08-30 15:55:09
1899,Electronics,4.52,1,2024-10-06 18:00:00,4.52,evening_rush,2025-08-30 15:55:09
8969,Clothing,238.44,1,2024-09-25 19:00:00,238.44,evening_rush,2025-08-30 15:55:09
9220,Books,87.37,3,2025-02-15 19:00:00,262.11,evening_rush,2025-08-30 15:55:09
7864,Books,50.35,2,2025-08-04 18:00:00,100.7,evening_rush,2025-08-30 15:55:09
2461,Books,117.96,5,2024-09-16 20:00:00,589.8,evening_rush,2025-08-30 15:55:09
7113,Clothing,65.15,3,2024-09-28 17:00:00,195.45,evening_rush,2025-08-30 15:55:09
4557,Electronics,19.76,4,2025-05-22 19:00:00,79.04,evening_rush,2025-08-30 15:55:09
5245,Books,63.76,1,2025-04-07 20:00:00,63.76,evening_rush,2025-08-30 15:55:09
3530,Books,1.34,3,2025-08-03 19:00:00,4.02,evening_rush,2025-08-30 15:55:09
5293,Electronics,200.71,2,2024-11-19 20:00:00,401.42,evening_rush,2025-08-30 15:55:09
6665,Electronics,137.17,2,2025-01-11 17:00:00,274.34,evening_rush,2025-08-30 15:55:09
3631,Electronics,177.14,1,2025-03-12 18:00:00,177.14,evening_rush,2025-08-30 15:55:09
5390,Home,151.62,2,2025-02-13 17:00:00,303.24,evening_rush,2025-08-30 15:55:09
8903,Clothing,28.37,3,2024-10-06 18:00:00,85.11,evening_rush,2025-08-30 15:55:09
8793,Home,87.34,3,2024-09-27 18:00:00,262.02,evening_rush,2025-08-30 15:55:09
9885,Clothing,46.77,2,2025-06-30 19:00:00,93.54,evening_rush,2025-08-30 15:55:09
4425,Books,80.11,2,2025-02-23 19:00:00,160.22,evening_rush,2025-08-30 15:55:09
3291,Clothing,62.02,5,2025-03-30 17:00:00,310.1,evening_rush,2025-08-30 15:55:09
1625,Clothing,151.53,2,2024-09-02 18:00:00,303.06,evening_rush,2025-08-30 15:55:09
9380,Clothing,44.97,1,2024-12-15 18:00:00,44.97,evening_rush,2025-08-30 15:55:09
4647,Clothing,83.51,4,2024-09-22 20:00:00,334.04,evening_rush,2025-08-30 15:55:09
2078,Books,52.12,3,2024-10-11 19:00:00,156.36,evening_rush,2025-08-30 15:55:09
9429,Sports,0.85,1,2024-12-09 20:00:00,0.85,evening_rush,2025-08-30 15:55:09
4812,Clothing,19.8,1,2024-11-12 19:00:00,19.8,evening_rush,2025-08-30 15:55:09
1376,Sports,3.96,2,2024-10-25 20:00:00,7.92,evening_rush,2025-08-30 15:55:09
1775,Books,62.25,1,2024-10-19 17:00:00,62.25,evening_rush,2025-08-30 15:55:09
5126,Sports,103.38,2,2025-01-21 18:00:00,206.76,evening_rush,2025-08-30 15:55:09
8559,Books,13.82,2,2025-06-16 19:00:00,27.64,evening_rush,2025-08-30 15:55:09
7835,Home,45.71,1,2025-07-27 18:00:00,45.71,evening_rush,2025-08-30 15:55:09
8213,Sports,115.38,1,2025-02-04 17:00:00,115.38,evening_rush,2025-08-30 15:55:09
1755,Sports,94.82,2,2025-01-26 18:00:00,189.64,evening_rush,2025-08-30 15:55:09
6502,Electronics,101.26,3,2025-01-22 20:00:00,303.78,evening_rush,2025-08-30 15:55:09
1996,Home,112.52,1,2024-09-19 18:00:00,112.52,evening_rush,2025-08-30 15:55:09
1949,Electronics,104.79,1,2025-04-02 19:00:00,104.79,evening_rush,2025-08-30 15:55:09
2604,Books,126.27,2,2025-03-18 18:00:00,252.54,evening_rush,2025-08-30 15:55:09
3530,Books,78.27,1,2025-05-16 17:00:00,78.27,evening_rush,2025-08-30 15:55:09
9229,Clothing,0.61,2,2025-04-20 18:00:00,1.22,evening_rush,2025-08-30 15:55:09
1845,Books,129.39,3,2025-06-19 20:00:00,388.17,evening_rush,2025-08-30 15:55:09
9283,Books,1.26,4,2025-03-15 19:00:00,5.04,evening_rush,2025-08-30 15:55:09
2866,Electronics,294.45,3,2025-03-28 19:00:00,883.35,evening_rush,2025-08-30 15:55:09
1410,Sports,34.61,4,2025-07-08 20:00:00,138.44,evening_rush,2025-08-30 15:55:09
4887,Clothing,6.45,1,2025-02-03 18:00:00,6.45,evening_rush,2025-08-30 15:55:09
9756,Electronics,95.45,2,2024-11-11 18:00:00,190.9,evening_rush,2025-08-30 15:55:09
7968,Books,0.77,1,2025-05-04 19:00:00,0.77,evening_rush,2025-08-30 15:55:09
1088,Home,31.23,3,2024-09-13 20:00:00,93.69,evening_rush,2025-08-30 15:55:09
7370,Clothing,77.06,1,2024-09-08 19:00:00,77.06,evening_rush,2025-08-30 15:55:09
2232,Clothing,1.2,1,2025-04-20 20:00:00,1.2,evening_rush,2025-08-30 15:55:09
